{
  "accuracy": [
    0.7324633002281189,
    0.7781403064727783,
    0.8515497446060181,
    0.8890701532363892,
    0.9151712656021118,
    0.9298532009124756,
    0.9249592423439026,
    0.9233279228210449,
    0.9347471594810486,
    0.9282218813896179,
    0.9298532009124756,
    0.9331158399581909,
    0.9233279228210449,
    0.9184339046478271,
    0.9298532009124756
  ],
  "auc": [
    0.3290467858314514,
    0.6898576021194458,
    0.9003124237060547,
    0.9306379556655884,
    0.9748764634132385,
    0.9806305766105652,
    0.982664942741394,
    0.9790031909942627,
    0.9834786057472229,
    0.985091507434845,
    0.9825196266174316,
    0.9841179847717285,
    0.9839145541191101,
    0.9829918146133423,
    0.9826939702033997
  ],
  "loss": [
    0.6618093252182007,
    0.5204281806945801,
    0.35174182057380676,
    0.2816883325576782,
    0.18877434730529785,
    0.1650746762752533,
    0.15342369675636292,
    0.16778217256069183,
    0.14930692315101624,
    0.13919304311275482,
    0.13917256891727448,
    0.13258463144302368,
    0.13776758313179016,
    0.1389390230178833,
    0.1336086541414261
  ],
  "precision": [
    0.0555555559694767,
    0.59375,
    0.7663551568984985,
    0.7857142686843872,
    0.8380281925201416,
    0.8571428656578064,
    0.8311688303947449,
    0.8482758402824402,
    0.8698630332946777,
    0.8513513803482056,
    0.8387096524238586,
    0.8364779949188232,
    0.8300653696060181,
    0.8310810923576355,
    0.8387096524238586
  ],
  "recall": [
    0.006756756920367479,
    0.2567567527294159,
    0.5540540814399719,
    0.7432432174682617,
    0.8040540814399719,
    0.8513513803482056,
    0.8648648858070374,
    0.8310810923576355,
    0.8581081032752991,
    0.8513513803482056,
    0.8783783912658691,
    0.8986486196517944,
    0.8581081032752991,
    0.8310810923576355,
    0.8783783912658691
  ],
  "val_accuracy": [
    0.8194444179534912,
    0.625,
    0.9722222089767456,
    0.9861111044883728,
    0.9722222089767456,
    1.0,
    0.9722222089767456,
    1.0,
    1.0,
    1.0,
    0.9861111044883728,
    0.9722222089767456,
    0.9861111044883728,
    0.9861111044883728,
    0.9861111044883728
  ],
  "val_auc": [
    0.31421124935150146,
    0.9621903896331787,
    1.0,
    1.0,
    1.0,
    1.0,
    1.0,
    1.0,
    1.0,
    1.0,
    1.0,
    1.0,
    1.0,
    0.9999999403953552,
    1.0
  ],
  "val_loss": [
    0.5374425053596497,
    0.616158127784729,
    0.10470470041036606,
    0.14035587012767792,
    0.05226053670048714,
    0.043450869619846344,
    0.047704290598630905,
    0.08481832593679428,
    0.03876058757305145,
    0.031048400327563286,
    0.036414582282304764,
    0.04956045746803284,
    0.033380985260009766,
    0.03698447719216347,
    0.037429336458444595
  ],
  "val_precision": [
    0.0,
    0.32499998807907104,
    1.0,
    1.0,
    1.0,
    1.0,
    1.0,
    1.0,
    1.0,
    1.0,
    1.0,
    1.0,
    1.0,
    1.0,
    1.0
  ],
  "val_recall": [
    0.0,
    1.0,
    0.8461538553237915,
    0.9230769276618958,
    0.8461538553237915,
    1.0,
    0.8461538553237915,
    1.0,
    1.0,
    1.0,
    0.9230769276618958,
    0.8461538553237915,
    0.9230769276618958,
    0.9230769276618958,
    0.9230769276618958
  ],
  "learning_rate": [
    0.0010000000474974513,
    0.0010000000474974513,
    0.0010000000474974513,
    0.0010000000474974513,
    0.0010000000474974513,
    0.0010000000474974513,
    0.0010000000474974513,
    0.0010000000474974513,
    0.0005000000237487257,
    0.0005000000237487257,
    0.0005000000237487257,
    0.0005000000237487257,
    0.0002500000118743628,
    0.0002500000118743628,
    0.0001250000059371814
  ]
}